Name,Position,Overall Rank,Positional Rank,Tier,Attribute,Auction Value
"Josh Allen","QB","1","1","1","","0"
"Jayden Daniels","QB","2","2","1","","0"
"Lamar Jackson","QB","3","3","1","","0"
"Ja'Marr Chase","WR","4","1","1","","0"
"Joe Burrow","QB","5","4","1","","0"
"Justin Jefferson","WR","6","2","1","","0"
"Jalen Hurts","QB","7","5","1","","0"
"Jahmyr Gibbs","RB","8","1","1","","0"
"Bijan Robinson","RB","9","2","1","","0"
"Brock Bowers","TE","10","1","1","","0"
"Malik Nabers","WR","11","3","1","","0"
"CeeDee Lamb","WR","12","4","1","","0"
"Ashton Jeanty","RB","13","3","1","","0"
"Patrick Mahomes","QB","14","6","1","","0"
"Amon-Ra St. Brown","WR","15","5","1","","0"
"Brian Thomas","WR","16","6","1","","0"
"Puka Nacua","WR","17","7","1","","0"
"Saquon Barkley","RB","18","4","1","","0"
"Trey McBride","TE","19","2","1","","0"
"Nico Collins","WR","20","8","1","","0"
"Drake London","WR","21","9","1","","0"
"Bo Nix","QB","22","7","1","","0"
"Ladd McConkey","WR","23","10","1","","0"
"Caleb Williams","QB","24","8","1","","0"
"Omarion Hampton","RB","25","5","1","","0"
"Marvin Harrison","WR","26","11","1","","0"
"De'Von Achane","RB","27","6","1","","0"
"Justin Herbert","QB","28","9","1","","0"
"Drake Maye","QB","29","10","1","","0"
"Bucky Irving","RB","30","7","1","","0"
"C.J. Stroud","QB","31","11","1","","0"
"Jaxon Smith-Njigba","WR","32","12","1","","0"
"A.J. Brown","WR","33","13","1","","0"
"Garrett Wilson","WR","34","14","1","","0"
"Travis Hunter","WR","35","15","1","","0"
"Breece Hall","RB","36","8","1","","0"
"Jonathan Taylor","RB","37","9","1","","0"
"Tetairoa McMillan","WR","38","16","1","","0"
"Sam LaPorta","TE","39","3","1","","0"
"Kyren Williams","RB","40","10","1","","0"
"TreVeyon Henderson","RB","41","11","1","","0"
"Jordan Love","QB","42","12","1","","0"
"Tee Higgins","WR","43","17","1","","0"
"Rashee Rice","WR","44","18","1","","0"
"Christian McCaffrey","RB","45","12","1","","0"
"Baker Mayfield","QB","46","13","1","","0"
"Josh Jacobs","RB","47","13","1","","0"
"Kyler Murray","QB","48","14","1","","0"
"Derrick Henry","RB","49","14","1","","0"
"Brock Purdy","QB","50","15","1","","0"
"James Cook","RB","51","15","1","","0"
"Chase Brown","RB","52","16","1","","0"
"Quinshon Judkins","RB","53","17","1","","0"
"J.J. McCarthy","QB","54","16","1","","0"
"Cam Ward","QB","55","17","1","","0"
"Rome Odunze","WR","56","19","1","","0"
"DeVonta Smith","WR","57","20","1","","0"
"Tyler Warren","TE","58","4","1","","0"
"Xavier Worthy","WR","59","21","1","","0"
"George Kittle","TE","60","5","1","","0"
"Terry McLaurin","WR","61","22","1","","0"
"RJ Harvey","RB","62","18","1","","0"
"Kenneth Walker","RB","63","19","1","","0"
"Trevor Lawrence","QB","64","18","1","","0"
"Zay Flowers","WR","65","23","1","","0"
"Jared Goff","QB","66","19","1","","0"
"Kaleb Johnson","RB","67","20","1","","0"
"Colston Loveland","TE","68","6","1","","0"
"Emeka Egbuka","WR","69","24","1","","0"
"Chuba Hubbard","RB","70","21","1","","0"
"Michael Penix","QB","71","20","1","","0"
"DJ Moore","WR","72","25","1","","0"
"DK Metcalf","WR","73","26","1","","0"
"T.J. Hockenson","TE","74","7","1","","0"
"Jordan Addison","WR","75","27","1","","0"
"Dak Prescott","QB","76","21","1","","0"
"Jameson Williams","WR","77","28","1","","0"
"Tyreek Hill","WR","78","29","1","","0"
"George Pickens","WR","79","30","1","","0"
"Chris Olave","WR","80","31","1","","0"
"Alvin Kamara","RB","81","22","1","","0"
"Bryce Young","QB","82","22","1","","0"
"Matthew Golden","WR","83","32","1","","0"
"Jaylen Waddle","WR","84","33","1","","0"
"Mike Evans","WR","85","34","1","","0"
"Joe Mixon","RB","86","23","1","","0"
"Justin Fields","QB","87","23","1","","0"
"David Montgomery","RB","88","24","1","","0"
"Isiah Pacheco","RB","89","25","1","","0"
"Jerry Jeudy","WR","90","35","1","","0"
"Cam Skattebo","RB","91","26","1","","0"
"Dalton Kincaid","TE","92","8","1","","0"
"Davante Adams","WR","93","36","1","","0"
"Jayden Higgins","WR","94","37","1","","0"
"Ricky Pearsall","WR","95","38","1","","0"
"Courtland Sutton","WR","96","39","1","","0"
"Luther Burden","WR","97","40","1","","0"
"James Conner","RB","98","27","1","","0"
"D'Andre Swift","RB","99","28","1","","0"
"Mark Andrews","TE","100","9","1","","0"
"Brian Robinson","RB","101","29","1","","0"
"Jaxson Dart","QB","102","24","1","","0"
"Tucker Kraft","TE","103","10","1","","0"
"Brandon Aiyuk","WR","104","41","1","","0"
"Tre Harris","WR","105","42","1","","0"
"Tua Tagovailoa","QB","106","25","1","","0"
"Josh Downs","WR","107","43","1","","0"
"Jayden Reed","WR","108","44","1","","0"
"Kyle Pitts","TE","109","11","1","","0"
"Travis Etienne","RB","110","30","1","","0"
"Khalil Shakir","WR","111","45","1","","0"
"Tyrone Tracy","RB","112","31","1","","0"
"Tony Pollard","RB","113","32","1","","0"
"Chris Godwin","WR","114","46","1","","0"
"Sam Darnold","QB","115","26","1","","0"
"David Njoku","TE","116","12","1","","0"
"Zach Charbonnet","RB","117","33","1","","0"
"Travis Kelce","TE","118","13","1","","0"
"Keon Coleman","WR","119","47","1","","0"
"Aaron Jones","RB","120","34","1","","0"
"Calvin Ridley","WR","121","48","1","","0"
"Trey Benson","RB","122","35","1","","0"
"Jack Bech","WR","123","49","1","","0"
"Anthony Richardson","QB","124","27","1","","0"
"Jakobi Meyers","WR","125","50","1","","0"
"Isaiah Likely","TE","126","14","1","","0"
"Bhayshul Tuten","RB","127","36","1","","0"
"Deebo Samuel","WR","128","51","1","","0"
"Geno Smith","QB","129","28","1","","0"
"Kyle Williams","WR","130","52","1","","0"
"Matthew Stafford","QB","131","29","1","","0"
"Evan Engram","TE","132","15","1","","0"
"Michael Pittman","WR","133","53","1","","0"
"Jauan Jennings","WR","134","54","1","","0"
"Jonnu Smith","TE","135","16","1","","0"
"Jaylen Warren","RB","136","37","1","","0"
"Jake Ferguson","TE","137","17","1","","0"
"Jaydon Blue","RB","138","38","1","","0"
"Mason Taylor","TE","139","18","1","","0"
"Cooper Kupp","WR","140","55","1","","0"
"Najee Harris","RB","141","39","1","","0"
"Jalen Milroe","QB","142","30","1","","0"
"Stefon Diggs","WR","143","56","1","","0"
"Tyjae Spears","RB","144","40","1","","0"
"Javonte Williams","RB","145","41","1","","0"
"Jordan Mason","RB","146","42","1","","0"
"Darnell Mooney","WR","147","57","1","","0"
"Jalen McMillan","WR","148","58","1","","0"
"Marvin Mims","WR","149","59","1","","0"
"Rhamondre Stevenson","RB","150","43","1","","0"
"Shedeur Sanders","QB","151","31","1","","0"
"Tyler Shough","QB","152","32","1","","0"
"Rashid Shaheed","WR","153","60","1","","0"
"Tank Bigsby","RB","154","44","1","","0"
"Jaylin Noel","WR","155","61","1","","0"
"Xavier Legette","WR","156","62","1","","0"
"Dylan Sampson","RB","157","45","1","","0"
"Rachaad White","RB","158","46","1","","0"
"Pat Freiermuth","TE","159","19","1","","0"
"Terrance Ferguson","TE","160","20","1","","0"
"J.K. Dobbins","RB","161","47","1","","0"
"Isaac Guerendo","RB","162","48","1","","0"
"Dallas Goedert","TE","163","21","1","","0"
"Cade Otton","TE","164","22","1","","0"
"Rashod Bateman","WR","165","63","1","","0"
"Braelon Allen","RB","166","49","1","","0"
"Devin Neal","RB","167","50","1","","0"
"Elijah Arroyo","TE","168","23","1","","0"
"Ray Davis","RB","169","51","1","","0"
"Cedric Tillman","WR","170","64","1","","0"
"Jaylen Wright","RB","171","52","1","","0"
"Brenton Strange","TE","172","24","1","","0"
"Jalen Royals","WR","173","65","1","","0"
"Pat Bryant","WR","174","66","1","","0"
"Harold Fannin","TE","175","25","1","","0"
"Tyler Allgeier","RB","176","53","1","","0"
"Russell Wilson","QB","177","33","1","","0"
"Elic Ayomanor","WR","178","67","1","","0"
"Aaron Rodgers","QB","179","34","1","","0"
"Wan'Dale Robinson","WR","180","68","1","","0"
"Blake Corum","RB","181","54","1","","0"
"Christian Kirk","WR","182","69","1","","0"
"Jalen Coker","WR","183","70","1","","0"
"Quentin Johnston","WR","184","71","1","","0"
"DJ Giddens","RB","185","55","1","","0"
"Hollywood Brown","WR","186","72","1","","0"
"Will Howard","QB","187","35","1","","0"
"Ollie Gordon","RB","188","56","1","","0"
"Jarquez Hunter","RB","189","57","1","","0"
"Ja'Tavion Sanders","TE","190","26","1","","0"
"Rico Dowdle","RB","191","58","1","","0"
"Adonai Mitchell","WR","192","73","1","","0"
"Ben Sinnott","TE","193","27","1","","0"
"Tank Dell","WR","194","74","1","","0"
"Daniel Jones","QB","195","36","1","","0"
"Jordan James","RB","196","59","1","","0"
"DeMario Douglas","WR","197","75","1","","0"
"Romeo Doubs","WR","198","76","1","","0"
"Trevor Etienne","RB","199","60","1","","0"
"Isaac TeSlaa","WR","200","77","1","","0"
"MarShawn Lloyd","RB","201","61","1","","0"
"Jonathon Brooks","RB","202","62","1","","0"
"Hunter Henry","TE","203","28","1","","0"
"Theo Johnson","TE","204","29","1","","0"
"Woody Marks","RB","205","63","1","","0"
"Roschon Johnson","RB","206","64","1","","0"
"Austin Ekeler","RB","207","65","1","","0"
"Jerome Ford","RB","208","66","1","","0"
"Chig Okonkwo","TE","209","30","1","","0"
"Nick Chubb","RB","210","67","1","","0"
"Tory Horton","WR","211","78","1","","0"
"Brashard Smith","RB","212","68","1","","0"
"Roman Wilson","WR","213","79","1","","0"
"Zach Ertz","TE","214","31","1","","0"
"Joshua Palmer","WR","215","80","1","","0"
"Kyle Monangai","RB","216","69","1","","0"
"Joe Milton","QB","217","37","1","","0"
"Mike Gesicki","TE","218","32","1","","0"
"Cole Kmet","TE","219","33","1","","0"
"Dont'e Thornton","WR","220","81","1","","0"
"Jacory Croskey-Merritt","RB","221","70","1","","0"
"Tahj Brooks","RB","222","71","1","","0"
"Xavier Restrepo","WR","223","82","1","","0"
"Alec Pierce","WR","224","83","1","","0"
"Troy Franklin","WR","225","84","1","","0"
"Adam Thielen","WR","226","85","1","","0"
"Oronde Gadsden","TE","227","34","1","","0"
"Keaton Mitchell","RB","228","72","1","","0"
"Dalton Schultz","TE","229","35","1","","0"
"Kendre Miller","RB","230","73","1","","0"
"Will Shipley","RB","231","74","1","","0"
"Noah Gray","TE","232","36","1","","0"
"Quinn Ewers","QB","233","38","1","","0"
"Dillon Gabriel","QB","234","39","1","","0"
"Tai Felton","WR","235","86","1","","0"
"Spencer Rattler","QB","236","40","1","","0"
"Jaylin Lane","WR","237","87","1","","0"
"Dontayvion Wicks","WR","238","88","1","","0"
"Keenan Allen","WR","239","89","1","","0"
"Michael Wilson","WR","240","90","1","","0"
"Joe Flacco","QB","241","41","1","","0"
"Kirk Cousins","QB","242","42","1","","0"
"Audric Estime","RB","243","75","1","","0"
"Savion Williams","WR","244","91","1","","0"
"DeAndre Hopkins","WR","245","92","1","","0"
"Jordan Whittington","WR","246","93","1","","0"
"Andrei Iosivas","WR","247","94","1","","0"
"Gunnar Helm","TE","248","37","1","","0"
"Damien Martinez","RB","249","76","1","","0"
"Kareem Hunt","RB","250","77","1","","0"
"Amari Cooper","WR","251","95","1","","0"
"Justice Hill","RB","252","78","1","","0"
"Chimere Dike","WR","253","96","1","","0"
"Christian Watson","WR","254","97","1","","0"
"Jimmy Horn","WR","255","98","1","","0"
"Sean Tucker","RB","256","79","1","","0"
"Kayshon Boutte","WR","257","99","1","","0"
"Calvin Austin","WR","258","100","1","","0"
"Michael Mayer","TE","259","38","1","","0"
"Miles Sanders","RB","260","80","1","","0"
"Dyami Brown","WR","261","101","1","","0"
"Arian Smith","WR","262","102","1","","0"
"Juwan Johnson","TE","263","39","1","","0"
"Malik Washington","WR","264","103","1","","0"
"Isaiah Davis","RB","265","81","1","","0"
"Elijah Moore","WR","266","104","1","","0"
"Luke McCaffrey","WR","267","105","1","","0"
"Tyler Lockett","WR","268","106","1","","0"
"Diontae Johnson","WR","269","107","1","","0"
"Jaleel McLaughlin","RB","270","82","1","","0"
"KeAndre Lambert-Smith","WR","271","108","1","","0"
"Efton Chism","WR","272","109","1","","0"
"Riley Leonard","QB","273","43","1","","0"
"Phil Mafah","RB","274","83","1","","0"
"Isaiah Bond","WR","275","110","1","","0"
"AJ Dillon","RB","276","84","1","","0"
"Darius Slayton","WR","277","111","1","","0"
"Elijah Mitchell","RB","278","85","1","","0"
"Kalel Mullings","RB","279","86","1","","0"
"Tez Johnson","WR","280","112","1","","0"
"Jermaine Burton","WR","281","113","1","","0"
"Noah Fant","TE","282","40","1","","0"
"Sam Howell","QB","283","44","1","","0"
"Nick Nash","WR","284","114","1","","0"
"LeQuint Allen","RB","285","87","1","","0"
"Zach Wilson","QB","286","45","1","","0"
"Raheem Mostert","RB","287","88","1","","0"
"Tutu Atwell","WR","288","115","1","","0"
"Dameon Pierce","RB","289","89","1","","0"
"Tyler Higbee","TE","290","41","1","","0"
"Ja'Lynn Polk","WR","291","116","1","","0"
"Luke Musgrave","TE","292","42","1","","0"
"Jameis Winston","QB","293","46","1","","0"
"Zack Moss","RB","294","90","1","","0"
"Tre Tucker","WR","295","117","1","","0"
"Kenny Pickett","QB","296","47","1","","0"
"Tyler Conklin","TE","297","43","1","","0"
"Jalen Tolbert","WR","298","118","1","","0"
"Khalil Herbert","RB","299","91","1","","0"
"Malachi Corley","WR","300","119","1","","0"